{
    "id_val": {
        "acc_avg_std": 0.012804609517124537,
        "acc_avg": 0.9630721151828766
    },
    "test": {
        "acc_avg_std": 0.04279503251260086,
        "acc_avg": 0.7765572428703308
    },
    "val": {
        "acc_avg_std": 0.013579673408057585,
        "acc_avg": 0.8597123503684998
    }
}