{
    "id_val": {
        "acc_avg_std": 0.007997883412863338,
        "acc_avg": 0.9820351541042328
    },
    "test": {
        "acc_avg_std": 0.008272708425361756,
        "acc_avg": 0.9438297986984253
    },
    "val": {
        "acc_avg_std": 0.0027854839371835717,
        "acc_avg": 0.9402418076992035
    }
}