{
    "val": {
        "F1-macro_all_std": 0.008118317464417766,
        "F1-macro_all": 0.49137206673687617,
        "acc_avg_std": 0.005517057113775196,
        "acc_avg": 0.7139228582382202
    },
    "test": {
        "F1-macro_all_std": 0.020762574665985974,
        "F1-macro_all": 0.4424601219255983,
        "acc_avg_std": 0.0026654255510373294,
        "acc_avg": 0.8074361483256022
    },
    "id_val": {
        "F1-macro_all_std": 0.007694938408353652,
        "F1-macro_all": 0.5694819274781439,
        "acc_avg_std": 0.0048782218191011795,
        "acc_avg": 0.8388022979100546
    },
    "id_test": {
        "F1-macro_all_std": 0.002065869039887256,
        "F1-macro_all": 0.5491519525967562,
        "acc_avg_std": 0.004850582386533194,
        "acc_avg": 0.7976044615109762
    }
}