{
    "val": {
        "F1-macro_all_std": 0.007526669036253253,
        "F1-macro_all": 0.4183472820315892,
        "acc_avg_std": 0.004502187405479346,
        "acc_avg": 0.6534991065661112
    },
    "test": {
        "F1-macro_all_std": 0.01272816889560166,
        "F1-macro_all": 0.36387599912193025,
        "acc_avg_std": 0.02297677551865252,
        "acc_avg": 0.7207123041152954
    },
    "id_val": {
        "F1-macro_all_std": 0.007063865809356581,
        "F1-macro_all": 0.5009900878841315,
        "acc_avg_std": 0.0014274322417200825,
        "acc_avg": 0.831009030342102
    },
    "id_test": {
        "F1-macro_all_std": 0.00583524662303091,
        "F1-macro_all": 0.5263739855950264,
        "acc_avg_std": 0.005151351848990687,
        "acc_avg": 0.7980541189511617
    }
}