{
    "id_val": {
        "r_wg_std": 0.03152690328624125,
        "r_wg": 0.7028632036325357,
        "r_all_std": 0.005965987964649915,
        "r_all": 0.8623735817237511
    },
    "id_test": {
        "r_wg_std": 0.03016380195207634,
        "r_wg": 0.6957853906009996,
        "r_all_std": 0.01049431824406803,
        "r_all": 0.8684501788534706
    },
    "val": {
        "r_wg_std": 0.0755603698841776,
        "r_wg": 0.5724737210996016,
        "r_all_std": 0.03221111844822696,
        "r_all": 0.8155110431209056
    },
    "test": {
        "r_wg_std": 0.08841628230883139,
        "r_wg": 0.5384264743195823,
        "r_all_std": 0.04612884367009634,
        "r_all": 0.7988123435303339
    }
}